Data,Enc
3lUSXCX3RUoktq0uncexAA==,bREf9HWHoFvTvt+iXRhdic/eZy2olu8nu4Hd5AwhxaNd4dWHcU07j4DwFYWmGLf/0/YKZN2931iszPOmuKbKTPBZuEmHq04XwtQPCQNRKK+OpGBhhn7m1Aro41odsbqo2qqRqfhUhCgQWvqW3EBYd9NqURYBbM8CjkceeTgS6pDNYWEbIJv6vh/6upcRa4ogu7UUiCeud1yAjjq0UD2Diwj26OBHXra/kRcmjeKEr9xXV9vlXXHQ1WarmLCyezVJbCnt0UrR+Y5GOXS48R9CcNID1WMFCQJFzU0pKA4E6uULhBopQ1omQAIYyo+xWv0EZEneD+oYwLiPb6oaljywpw==
Yni83DcwW3qxOVKRTiNygpDa95xo4Iz+3DJBLDqFwuo=,FTmaxeggznbNdJGm7lPcYzshCQ7UMc/DJF8Bz4dnLZ9X0rqC+A6bxYkZM9p2fiNW8+5DgQpmn8B3JPBKci4Ub7S0bYvEJimFQEnXFapx6VKSedqHkJIpOSWBm3KxK4A+c9lMimYcvnXzcRuGlnXOaWC8mQsUoBlWsFImpL9VwwgF2uY8eDAxjUtraBVsd+IglKC3x196L5OepuftVVPr2AioYLcPO+siOaSg2xvIoX2B8kFufBfFis9YosTht0dXaOAFF82RUO6yjHr+znQv0XKgMst9Z5ujEoKrmWaJaODyFe9i6KGLLnW4seCtyfJGkFLlPbyaIA7MugNLIEoAPA==
QM6jtQav3FMJEnjcoThd8kNZpCN9Nbr5K1W1PwcUxMI5XO0MTAqeK3fp5h4oP9oJ,eRwHEqTHZUaX72zvIGdeZtyisWv1EGPnV4z9UPS969EQiYGierpysC8cXLRyc096osB3VEUv4Ank/o7WNxvfej5sxM4lzrV5gGOOcuT7IlgBbC3hkwhY8zSJhjjbrpR7K+WLNX7noXHs+Y740hbRkriY5Pd6eUwS4dWvZcXXTiDdV5EU63LH0ptGIs9G5CTLaLATB3PuYHTsFgkqY4pHRFISfO6Zxo7cDEgEP6n0zmJdkDqKYhC+ozQ8oC93jq7PQ4sAbWm09H0VK7AtpFXSZSrD2PtuRj/z7LRq1sgjbFKcWkurgmYTUZ89yVRx4eA23lXynOtLqpLHtdDSKvGY0Q==
vBbTXh7KKfchNXOsm3kRe9W92cfiH60vcBgiCjpKhVp5xBXvaWggKVbmI6GTLHsmyBSEqc58ZZqmRo+evoM4ig==,UzJQG/asqPy+OpjwR0/YtKHtWdxZudJWA2VPOJZgM8OWCnrcUzbU9x6MIaLqpaYt4mHxO8Ro6YGRSbwB/UuTWfNnMT2BbKxxwcLbsSglq+O0Acld3TzLgtaYHvo1vV5qNEtOcVd8NPPZp9DgqzweqVSY+UzvAks2eSNWckI7UoWUeoPc4li+i9m+aSwF4VaUecDhtxY6mGFwzRXpUUiS224vO0zlvRw9QtxwdVQPdxWQ89ba50bzNid7WojFs8ER3yf3ven037CBQ2suQ6XYneFrfXJuAPkufkUZ+a8e3y/cQqjUc6tji2PE4SbQoWP/PDmGumc6HRke5U52nFOJ+Q==
KiZihEVOQNzsdbkTGyRdWLypk0uFHo/UL/1Mk8dcZAdT9mkxSRAM+/zBX9/WfNamp1MtItRE8Tlhp2/iqiFqVWFCldQEjhXo/Ldqns6tq20=,TlYblF4/xS2BaDmAZOCiAearVI4eo4uxj3d4+4E9Rls/xsY3bAbF+wntHGTCH/buOTjNyHfiWT35AfoRXejWyza684yeFi3ao+IPs/w4njszjdxxnlZfI9jvtSVTLfTnAd64pBpLkphGM08yQ8Ick4D6F82RFzZHN+zM0DdltcNTuP9vhNjvWm0NQbcv4gVHkPv2NfqgYwCFntk5rrR/k57MJe7EormLQTqF3X+pRF6w0go/mJ7MskflQ29N8RiFgyrraQGqNOCqbOzXOlbUs0hxZ6Y+XGQVhqqWMRT7IB6r4FqIIbibfbG3eCfeN62PRHKPGvEJCebjhjm0YB3RCA==
xENhhKxcXEEYsAhuDJT21BXwwOwKIO9wP0PGAjtUv4fJI1dzkVTFnvSiPP1xerw3xp90o7Z6d5BpmIArwOq2kTHppDVovLPP4Ia0Ix++9bE/a1vcXXBd0HYqHfQhPOQf,D5AsHEF3yKupUF9nZKheS/kAmMWpJMBsRhZMTyAQ7V1H26ss0KY6ZpphwPxZgY4sxb4D9UQv5dR4YnrazAfjhXkE459B9qUc+ZYW46K8tCsdKP7cKLc0lq30Gg1pJArrUB9hb1SBtx910mDkAy1wYRnbj0ZjRXasKaANtUlJioE9HGtVCljgBAWT6vfevRo5YrWdjtEcXZHyXJLL5U8Q/iNGBnpD8mANoQfIcZ8V0r+kQ6NupKMU9V6na7ecl1XLWmLVtw3eV0m1EyJ2/AoxVL/DhqLnSwoSqCnyjGWHmUOl1Uf0hoSBAY4nXBpG26lWsLrKzjNzhu/4FTufKmtKgg==
q7l4qM+qHDN1XxRdV//5dMu70P3dEzY9F3ECKrtWgpup2a1aJgLHZcob6iNlVFcMA86p3VyeIm/3wUsSF2hK6sCnbIU2IE5A5HvTbLAkJ6KzSZoqY4Oa6d0R/VcOZ3hd/d2ikT4Xf8Kxpc+6kedRhQ==,BfLVSYItwjRG1QOEAQ76cejqpL1NHCOmGztwCPQwhxBImgZOrULrWbIp4a/9GzuZSxv4IoFBZaapUzajmLBTH/xShSgCTCVxlN7SWJPDOvbBwgaDw1nLP8+QIdf8aU0O61q3wFxmDTy4IQ78iN+Th5z/HpIuDyIIT9SBghl7JKdE+hM5lUyBuIySeMssPN0Ne7onkzmaZhPKkiZu4CMdHfVwjuLFSz34wWFi6danD0M0NKcTYlWrXsVAIzuJpoYSUavNDYmSbhLx+yMVot1WCV5vAenjo0ilGRfPbnZiEOikVb5/Qb3B36fW8Vm39ftiHcR+kIUh7WcWlciZGC0XUA==
yxu2H57Qkey+3VgQSc+S9pxWzXDwDts1DNzViQ6Gab2ImvbvLvKNhQAHKJs98fpTgCYKbUF/xG9lmS58pA1vRLTim6DsX2f3bfBzpD5VIoKt2CORciIXEx3TTLfPobXplJlhB6RYBWbNgXQEsMQvLYbSHLvVDzbKOT6CTREtak4=,RQ0D4edOGGtSn/ekJaTjFVIX7MCeilUV2lCphRl218A59pwjF7jWgMGWj4Y5Hy/U4NUvdIubNtuBHaSlXFjXCjca0KM5mwH56XKvZplxToxSMHJZg/9xcIw+EmyO98ckpF8n/6/ZeK6xxSIP6Nt5g/MzN/zZye4eDjDb/YaH9TUwUr/+gKhktUG5SGdFtDd+/as5u4LX0oMNGHfNa/68iPfqW2exPrEx854Zc6axLAIUj0rh0nGKnGN5AtoLFR07OirbHj92Qnkhv3qauIj4oLfdIrKv8iEgYrlOfOhH4ZaknFQWEOfFYqEZHeHBPpYVdFRNt0PtOeuqNlMu8k04dA==
yzrzkJ556rFhZBiUQ8xMXdP6grbhV9zeCgSzS9UtY61iV5Pm16jElmrrme1oMjviG4FVkAvngefmTTjYRU3frXm4maIYdp4wEgmn4nhrxR0aTjbIxyeK/1QXcKxdSPDMJaS/uF257aIhvm8yHrtE1ZIDvYhRQOBW0mmqGxx89SFRUB9u2YnMj/psKGRnQQ2v,FDhffBvRWEYCZfHy29Wn8us9CyMBupCpYZvDfkr02OPqpBmDFQxmhgUXi2iLOs0LPpPtsRGzbLtZ2KDPXlp7zrW/IbGI7w3L38Yfvh50Kes7ADo5th2/hJ3leaVwRPHH+359wcD2dnfPiXMBVGhfNivIo6FRhWHoMJjcYx0liaT17T46C5zYESTD4c04aT5Lvq5PmPoFbfTIB+6Ctxrai2dgJ0rA4E7KTKfyMt2bKf5WxQnKDjXUFQhpuGgeVayIzclpWYdpZLhNBt1o28rDuvk3gj0nua7UEEJg3Cam26v0FmLgQS/klB7G1r+bCScC5VIe+AFeZJwXhEW7itCJXA==
0dQl+NtttQ1nv/KoiwN4UigTy05smWB0LgsyhWtyBH9l498ik5MkZQPP3T/3sLRm/wti27sbhhbhvmg3X9ndTcvfpIsJmhk7uWtTFU2g1Sh3PYjaqe23IBQV5DDAn5US+mmwkuJbsWd/q899+ycCY2LGX1R7s+JLMdUVK9yXsHFIbcs2z4NFFw4cRUm6CnFJ+M53qYyJ4+RsL2gJxiyn5g==,Ew57/bxWVM5I3KDDGIrrmdWygXXHaMmnjZUj7X86EZXI7Dq8cOb0l3cUHTwiQWOMoxD4qcTV1VQaQX1cHlSmnMOZY36ZVZsHN95LlQtHJ4X/YRuTOxtxXFVLDueVFhFxucKEP0nn+jfiZU7L8iMyquI3DdHb8tKzO565VufmYvE0Hiw6BwKslGxIk/u3q25eC3y6RyzvUuoAeHluNVBWibHXMuLPTuzQMCewtbOMq7wuKI17UV6UVI/lWhbaRu2qhJXWj/7Z+W27/Bt7pjA6Wg+XAJKxO9r4EfmOexs9AGp+/LeQFwmGChABTgFP8vfNhSNU+Mx6ORkjFTIGx+DhiA==
